Plasmid	Proteins
NZ_AF313472	['EMFIMOIO_00076']
NZ_AP025271	['HJDKBCLM_00025']
NZ_AP025272	['GPJPNJFN_00030']
NZ_AP025694	['KKKKBHAJ_00038']
NZ_AP025695	['KHBNJJDP_00029']
NZ_CP030153	['IJJNGFIL_00037']
NZ_CP030154	['ODHODLGB_00050']
NZ_CP030155	['HFGKCAOB_00067']
NZ_CP030156	['AGDLDKGK_00070']
NZ_CP030157	['DEAONFDE_00009']
NZ_CP031384	['BAHOIAMM_00124']
NZ_CP045003	['MMJNFECA_00301']
NZ_CP045917	['MMJNFECA_00445']
NZ_CP046248	['MCJNMHOA_00008']
NZ_CP046249	['ODFDDFMC_00005']
NZ_CP049162	['PFOLEHPB_00055']
NZ_CP050055	['ODBNNPEC_00002']
NZ_CP050056	['MJFNIIGJ_00007']
NZ_CP050057	['DHGHIBGK_00001']
NZ_CP051767	['HFABPKFK_00002']
NZ_CP051769	['HFABPKFK_00002']
NZ_CP051771	['HFABPKFK_00002']
NZ_CP052760	['KPJLANLK_00275']
NZ_CP053182	['CJANKJHF_00027']
NZ_CP054417	['FIGFENLI_00016']
NZ_CP054561	['IABHAPAD_00006']
NZ_CP058730	['NDIOKOOP_00023']
NZ_CP058731	['KEEIMLEF_00009']
NZ_CP059475	['NDIOKOOP_00009']
NZ_CP059476	['JOKDPBKB_00035']
NZ_CP060142	['JIGGCHDC_00021']
NZ_CP060797	['ODFDDFMC_00004']
NZ_CP060798	['KBPLMPBH_00127']
NZ_CP061074	['MCILFMEF_00005']
NZ_CP061377	['MMJNFECA_00083']
NZ_CP061851	['DOHNGDJO_00036']
NZ_CP062313	['AGGBJAMG_00004']
NZ_CP062315	['CIJJIPNJ_00016']
NZ_CP062316	['DHPEAAFH_00001']
NZ_CP062317	['KHOMPFHJ_00002']
NZ_CP062319	['KHBNJJDP_00021']
NZ_CP062321	['KHBNJJDP_00012']
NZ_CP062323	['KHBNJJDP_00022']
NZ_CP062325	['BLKLFKHM_00044']
NZ_CP062327	['KFNNPEHO_00028']
NZ_CP062328	['KHBNJJDP_00007']
NZ_CP062330	['KHBNJJDP_00006']
NZ_CP062332	['KHBNJJDP_00013']
NZ_CP062333	['AKAHADBA_00002']
NZ_CP062335	['KHBNJJDP_00028']
NZ_CP062337	['KHBNJJDP_00012']
NZ_CP062339	['EJPNMAEH_00001']
NZ_CP062341	['KHBNJJDP_00029']
NZ_CP062343	['KHBNJJDP_00014']
NZ_CP062345	['AKAHADBA_00002']
NZ_CP062347	['IMFHJGJO_00041']
NZ_CP062349	['KHBNJJDP_00014']
NZ_CP062351	['CIJJIPNJ_00014']
NZ_CP062353	['AJBNCGIK_00019']
NZ_CP062355	['KHBNJJDP_00021']
NZ_CP062357	['AJBNCGIK_00018']
NZ_CP062359	['KFPCCDJN_00009']
NZ_CP062363	['KIILADEC_00035']
NZ_CP062365	['HNKNKNMH_00007']
NZ_CP062367	['BKNJMILD_00033']
NZ_CP062369	['AKAHADBA_00002']
NZ_CP062371	['KFPCCDJN_00019']
NZ_CP062373	['JIGGCHDC_00018']
NZ_CP062374	['FEJGABJH_00003']
NZ_CP062375	['KHOMPFHJ_00001']
NZ_CP062377	['KHBNJJDP_00026']
NZ_CP062379	['KFPCCDJN_00009']
NZ_CP062381	['EPCFMBBM_00024']
NZ_CP062383	['IMFHJGJO_00009']
NZ_CP062385	['OOOIAHLG_00012']
NZ_CP062389	['KFPCCDJN_00007']
NZ_CP062391	['DHCNNECB_00037']
NZ_CP062392	['KHBNJJDP_00010']
NZ_CP062394	['KHBNJJDP_00013']
NZ_CP062396	['PADCDOIG_00002']
NZ_CP062397	['DHCNNECB_00042']
NZ_CP062424	['AKAHADBA_00002']
NZ_CP062429	['KHBNJJDP_00013']
NZ_CP062432	['OOOIAHLG_00017']
NZ_CP062438	['KHBNJJDP_00010']
NZ_CP062440	['DHPEAAFH_00002']
NZ_CP062449	['CLHHIAPI_00025']
NZ_CP062453	['KHBNJJDP_00019']
NZ_CP062456	['KJKBCOIL_00018']
NZ_CP062459	['KHBNJJDP_00005']
NZ_CP062460	['DHPEAAFH_00001']
NZ_CP062464	['AKAHADBA_00002']
NZ_CP063981	['PIDMLCDI_00017']
NZ_CP064366	['LEKBBJEN_00031']
NZ_CP064390	['KFPCCDJN_00030']
NZ_CP064394	['ICHANHDP_00058']
NZ_CP064396	['JFMMEGFA_00007']
NZ_CP064398	['DOHNGDJO_00041']
NZ_CP064400	['NNCDDILJ_00078']
NZ_CP064402	['MMJNFECA_00451']
NZ_CP065052	['AEGKFNOM_00085']
NZ_CP065413	['FNHACBCA_00003']
NZ_CP065414	['JFMMEGFA_00007']
NZ_CP065415	['ABJEKDJB_00004']
NZ_CP065416	['LDDICNDL_00002']
NZ_CP065418	['MHPDOIDI_00002']
NZ_CP065785	['JPCPFKPE_00039']
NZ_CP065786	['HFEAINNK_00022']
NZ_CP068250	['DNGGPPBL_00091']
NZ_CP068679	['ICHANHDP_00034']
NZ_CP068683	['KHBNJJDP_00011']
NZ_CP069129	['JOJBJEPI_00124']
NZ_CP069130	['FMLLPJMP_00057']
NZ_CP069131	['BGMGFNEJ_00020']
NZ_CP069155	['HIEGNMHO_00002']
NZ_CP069186	['AGLDNGPC_00003']
NZ_CP069187	['KIGNNIKD_00001']
NZ_CP070359	['NAAJNFEK_00002']
NZ_CP070360	['OGAHMENG_00008']
NZ_CP070361	['PIPMPGMC_00001']
NZ_CP070468	['CPHMGCOB_00010']
NZ_CP070469	['CBENOHFB_00001']
NZ_CP070470	['OHHGEOEE_00001']
NZ_CP070472	['CBENOHFB_00001']
NZ_CP070473	['OHHGEOEE_00001']
NZ_CP071174	['HGFKOABC_00002']
NZ_CP071177	['HLLDMFIN_00002']
NZ_CP071186	['ICHJAFIK_00057']
NZ_CP071948	['OCKJJCNE_00021']
NZ_CP071949	['OCKJJCNE_00132']
NZ_CP072508	['JMFBEEBF_00035']
NZ_CP072510	['HGFKOABC_00001']
NZ_CP072512	['DACHMJBD_00005']
NZ_CP073081	['LNBCHMJN_00589']
NZ_CP073083	['MMJNFECA_00348']
NZ_CP073087	['CGAMFGFL_00001']
NZ_CP073088	['APLANDOJ_00003']
NZ_CP073925	['OCFNKPMD_00074']
NZ_CP073927	['AAEILPFJ_00050']
NZ_CP073928	['LFHFPOMB_00001']
NZ_CP073930	['OCFNKPMD_00202']
NZ_CP073931	['KFCDMHGN_00056']
NZ_CP073933	['FIBEBEJD_00052']
NZ_CP073934	['ALCBFADI_00003']
NZ_CP073935	['COFAJLIO_00003']
NZ_CP073937	['LFFOEEBK_00013']
NZ_CP073938	['MDCKEIGM_00001']
NZ_CP073940	['CMCHDBGO_00109']
NZ_CP073941	['HHAHMLNP_00005']
NZ_CP073942	['PFKCKNIB_00001']
NZ_CP073944	['ECMJACKG_00002']
NZ_CP073945	['PMDNMILC_00001']
NZ_CP073947	['DKODBFNE_00028']
NZ_CP073948	['JJGBMJDH_00014']
NZ_CP073950	['JFMMEGFA_00007']
NZ_CP073951	['GFNECJJM_00122']
NZ_CP073952	['IFIFPAAM_00001']
NZ_CP073954	['GHEJEBJK_00086']
NZ_CP073955	['GLKNLKCE_00114']
NZ_CP073956	['FMJLFKJP_00050']
NZ_CP073957	['KFCDMHGN_00031']
NZ_CP073959	['OCFNKPMD_00182']
NZ_CP073960	['GLKNLKCE_00004']
NZ_CP073961	['IDJDJPCN_00003']
NZ_CP073963	['HFGKCAOB_00140']
NZ_CP073964	['GLKNLKCE_00017']
NZ_CP073965	['AAEILPFJ_00072']
NZ_CP073966	['PFJMJNIN_00004']
NZ_CP073967	['OMIMIMCL_00001']
NZ_CP073975	['EBJDBPCJ_00001']
NZ_CP073982	['EPHOBNNA_00248']
NZ_CP073983	['GMOPFNGC_00002']
NZ_CP073985	['EPHOBNNA_00127']
NZ_CP073986	['GLKNLKCE_00048']
NZ_CP073987	['OMIMIMCL_00001']
NZ_CP073989	['CLFEGABI_00003']
NZ_CP073990	['KFCDMHGN_00056']
NZ_CP073991	['ODHODLGB_00050']
NZ_CP073992	['NCDNEJHN_00004']
NZ_CP073993	['IDDOIKJI_00022']
NZ_CP073995	['GHEJEBJK_00037']
NZ_CP073997	['DPCKBJJH_00093']
NZ_CP073998	['KHMFFAAN_00153']
NZ_CP073999	['EAJDHIFF_00001']
NZ_CP074000	['BCFBCECO_00001']
NZ_CP074002	['DNAHELJE_00109']
NZ_CP074003	['EHOCHLNO_00010']
NZ_CP074004	['PFKCKNIB_00003']
NZ_CP074006	['CBCHDLCJ_00002']
NZ_CP074009	['MDFLEAEH_00035']
NZ_CP074010	['KCCJFADB_00004']
NZ_CP074011	['KGDMNKPK_00048']
NZ_CP074013	['DNAHELJE_00096']
NZ_CP074014	['KFCDMHGN_00035']
NZ_CP074015	['JJPGLBPD_00006']
NZ_CP074016	['AEOOFINH_00001']
NZ_CP074017	['PFKCKNIB_00001']
NZ_CP074018	['KCCJFADB_00004']
NZ_CP074020	['KPEAOFIC_00161']
NZ_CP074021	['LGNDNOFF_00037']
NZ_CP074022	['BGPAJKNP_00021']
NZ_CP074023	['JDOPGKJJ_00008']
NZ_CP074025	['KHMFFAAN_00153']
NZ_CP074026	['NCDNEJHN_00004']
NZ_CP074027	['IDDOIKJI_00022']
NZ_CP074029	['IDDOIKJI_00022']
NZ_CP074030	['NCDNEJHN_00001']
NZ_CP074032	['FFOBNKCA_00021']
NZ_CP074034	['AAEILPFJ_00077']
NZ_CP074035	['GLKNLKCE_00111']
NZ_CP074036	['DCDAKHAN_00013']
NZ_CP074037	['MGJKOMGD_00003']
NZ_CP074038	['AALNJHKO_00001']
NZ_CP074039	['BGDBCOON_00001']
NZ_CP074040	['BPPJGEMD_00013']
NZ_CP074041	['DFHLLHIG_00001']
NZ_CP074043	['GMBNHFLE_00084']
NZ_CP074044	['DKODBFNE_00026']
NZ_CP074045	['IEKELEMJ_00001']
NZ_CP074046	['AMFOHOLE_00001']
NZ_CP074048	['OCFNKPMD_00027']
NZ_CP074049	['KBLJCNFA_00049']
NZ_CP074050	['GFNECJJM_00053']
NZ_CP074051	['JFMMEGFA_00009']
NZ_CP074053	['IDDOIKJI_00022']
NZ_CP075605	['HFEAINNK_00022']
NZ_CP075606	['HMOPLAKG_00002']
NZ_CP075607	['OPAPJNPI_00024']
NZ_CP075608	['MKODJDAP_00002']
NZ_CP075609	['KGLJNHPJ_00006']
NZ_CP075610	['NIGKOOBJ_00003']
NZ_CP075717	['FBNHMMKK_00136']
NZ_CP075718	['GFNECJJM_00140']
NZ_CP075719	['AGDLDKGK_00016']
NZ_CP075720	['GHAFEDBG_00036']
NZ_CP075721	['KBLJCNFA_00065']
NZ_CP075723	['DPCKBJJH_00069']
NZ_CP075724	['EMFIMOIO_00017']
NZ_CP075725	['JFMMEGFA_00007']
NZ_CP075726	['JJPGLBPD_00001']
NZ_CP075727	['EEHBDMIE_00154']
NZ_CP075728	['BGDBCOON_00001']
NZ_CP075729	['CMGKNMLN_00001']
NZ_CP075730	['OEFCOCAJ_00001']
NZ_CP075732	['JJPBPJMK_00072']
NZ_CP075733	['DEAONFDE_00025']
NZ_CP075734	['CLMPLJHG_00006']
NZ_CP075735	['COKLKCAF_00001']
NZ_CP075736	['OEFCOCAJ_00001']
NZ_CP075738	['EPHOBNNA_00178']
NZ_CP075739	['LGAFNGAM_00095']
NZ_CP075740	['LGNDNOFF_00095']
NZ_CP075741	['AAEILPFJ_00050']
NZ_CP075742	['NPLDJPPI_00005']
NZ_CP075743	['KCCJFADB_00006']
NZ_CP075744	['JDOPGKJJ_00004']
NZ_CP075745	['BOFEEPJA_00003']
NZ_CP075746	['IKJGDLGC_00001']
NZ_CP075747	['GADPNOME_00002']
NZ_CP076260	['GHEJEBJK_00051']
NZ_CP076261	['FOOGKHJK_00007']
NZ_CP076263	['ABHHLNAL_00249']
NZ_CP076265	['LGNDNOFF_00023']
NZ_CP076266	['GLKNLKCE_00063']
NZ_CP076267	['CLGMJHAA_00022']
NZ_CP076269	['GHEJEBJK_00069']
NZ_CP076271	['OKIMLNBM_00059']
NZ_CP076273	['AOGFFOGH_00161']
NZ_CP076275	['GHEJEBJK_00112']
NZ_CP076277	['AAEILPFJ_00024']
NZ_CP076278	['LGNDNOFF_00059']
NZ_CP076280	['LGNDNOFF_00019']
NZ_CP076281	['LGNDNOFF_00022']
NZ_CP076283	['FAPOJPEH_00022']
NZ_CP076284	['AGDLDKGK_00012']
NZ_CP076489	['DCJDGOJJ_00008']
NZ_CP076490	['BANLNNKH_00010']
NZ_CP076491	['DDFHGPLJ_00042']
NZ_CP076492	['DNGGPPBL_00015']
NZ_CP076494	['KBMMMNIN_00076']
NZ_CP076495	['BANLNNKH_00032']
NZ_CP076496	['AJHOCIDF_00049']
NZ_CP076497	['DNGGPPBL_00015']
NZ_CP076499	['AEKNBPKI_00051']
NZ_CP076500	['LGKIBBON_00016']
NZ_CP076501	['DCAFHALK_00030']
NZ_CP076502	['DNGGPPBL_00066']
NZ_CP076576	['PDMDKOJI_00033']
NZ_CP076577	['GFNECJJM_00109']
NZ_CP076578	['GFNECJJM_00057']
NZ_CP076579	['LGNDNOFF_00088']
NZ_CP076580	['HDPKCDNJ_00010']
NZ_CP076581	['FOLPKKJC_00001']
NZ_CP076582	['IEKELEMJ_00001']
NZ_CP076583	['LHMICMLI_00003']
NZ_CP076802	['PIPMPGMC_00018']
NZ_CP076803	['IABHAPAD_00005']
NZ_CP076805	['PIPMPGMC_00001']
NZ_CP076806	['IABHAPAD_00005']
NZ_CP076808	['AOMBLJPI_00073']
NZ_CP076809	['ODFENAOH_00009']
NZ_CP076810	['JHCJJCME_00008']
NZ_CP076811	['ICPJHIDA_00107']
NZ_CP076813	['IDKDNMCM_00002']
NZ_CP076815	['JLOHJHKD_00009']
NZ_CP076816	['FEBGMHDO_00010']
NZ_CP076818	['PIPMPGMC_00076']
NZ_CP076819	['IDKDNMCM_00002']
NZ_CP076820	['KLNENJOI_00098']
NZ_CP076822	['JFMMEGFA_00007']
NZ_CP077827	['EIDDEBFN_00116']
NZ_CP077829	['OGAHMENG_00007']
NZ_CP077831	['ICPJHIDA_00098']
NZ_CP077833	['PIPMPGMC_00050']
NZ_CP077834	['IDKDNMCM_00002']
NZ_CP077836	['MCKABEDE_00063']
NZ_CP077839	['OGAHMENG_00008']
NZ_CP077841	['MCKABEDE_00093']
NZ_CP077842	['OMKIJJDC_00013']
NZ_CP077844	['GJBGLOKF_00047']
NZ_CP077845	['OMKIJJDC_00013']
NZ_CP077847	['OPPAEHCE_00065']
NZ_CP077848	['KLNENJOI_00098']
NZ_CP077849	['MPKAAFDN_01631']
NZ_CP077972	['NNCDDILJ_00036']
NZ_CP077973	['AMNLDHPI_00069']
NZ_CP077974	['ICHANHDP_00059']
NZ_CP077975	['BGLEPKDK_00020']
NZ_CP077976	['DPLAODLD_00003']
NZ_CP077978	['LNBCHMJN_00485']
NZ_CP077979	['AMNLDHPI_00022']
NZ_CP077980	['LDDICNDL_00002']
NZ_CP077982	['ICHANHDP_00035']
NZ_CP077983	['LDDICNDL_00004']
NZ_CP077984	['JJLNMCFB_00013']
NZ_CP077986	['HGNAFCGH_00190']
NZ_CP077987	['BGLEPKDK_00040']
NZ_CP077989	['AMNLDHPI_00035']
NZ_CP077990	['KPJLANLK_00025']
NZ_CP077991	['KALMCPFG_00008']
NZ_CP077992	['BGLEPKDK_00037']
NZ_CP077993	['LDDICNDL_00003']
NZ_CP077995	['ICHANHDP_00027']
NZ_CP077996	['AMNLDHPI_00004']
NZ_CP077998	['IDKNGHBO_00035']
NZ_CP078000	['DOHNGDJO_00028']
NZ_CP078001	['DPLAODLD_00003']
NZ_CP078003	['OCEIIBCI_00011']
NZ_CP078005	['DOHNGDJO_00044']
NZ_CP078008	['OLPDLBGK_00035']
NZ_CP078010	['FFKCCBFF_00001']
NZ_CP078011	['DPLAODLD_00003']
NZ_CP078016	['LGKIBBON_00005']
NZ_CP078163	['HIEGNMHO_00052']
NZ_CP078522	['LEMANGKE_00008']
NZ_CP080012	['ICHANHDP_00062']
NZ_CP080250	['GDCENNHJ_00006']
NZ_CP080252	['OOOIAHLG_00004']
NZ_CP080290	['JFMMEGFA_00007']
NZ_CP081203	['MMJNFECA_00436']
NZ_CP081204	['ICHANHDP_00061']
NZ_CP081288	['DOHNGDJO_00036']
NZ_CP081289	['FCMHKECB_00123']
NZ_CP081347	['AMNLDHPI_00044']
NZ_CP081348	['MMJNFECA_00401']
NZ_CP081349	['OCEIIBCI_00022']
NZ_CP081478	['KPJLANLK_00001']
NZ_CP081479	['ICHANHDP_00054']
NZ_CP081506	['CMPNMDLN_00079']
NZ_CP082232	['DCJDGOJJ_00030']
NZ_CP082233	['HACKOINM_00009']
NZ_CP083367	['NDDOCEEO_00461']
NZ_CP083369	['BLGBHCBH_00049']
NZ_CP084503	['NMDHPKKC_00145']
NZ_CP084504	['EGDGGAJL_00004']
NZ_CP085290	['CJANKJHF_00046']
NZ_CP085292	['CMPNMDLN_00077']
NZ_CP085293	['EPJPJCFF_00024']
NZ_CP085295	['KEPHJOMO_00010']
NZ_CP085296	['IGDAGCCI_00020']
NZ_CP085297	['BKJOPGBP_00006']
NZ_CP085298	['PCECJAHH_00001']
NZ_CP085299	['ODFDDFMC_00003']
NZ_CP086014	['MMJNFECA_00461']
NZ_CP086017	['JHKNFIHA_00050']
NZ_CP086065	['LAHAMLAB_00024']
NZ_CP086559	['HIEGNMHO_00017']
NZ_CP086561	['CIKLFIML_00003']
NZ_CP086562	['IGDAGCCI_00003']
NZ_CP086563	['HAAJGMNH_00042']
NZ_CP086565	['DDFHGPLJ_00047']
NZ_CP086567	['DDFHGPLJ_00054']
NZ_CP086593	['DCJDGOJJ_00028']
NZ_CP087299	['OPPAEHCE_00066']
NZ_CP087301	['EMOMOJBH_00283']
NZ_CP087302	['IAIIBFPJ_00008']
NZ_CP087303	['LAKLAMBC_00004']
NZ_CP087306	['ICPJHIDA_00098']
NZ_CP087307	['JDCEEBFC_00003']
NZ_CP087310	['NDIOKOOP_00018']
NZ_CP087311	['MCKABEDE_00093']
NZ_CP087313	['NDIOKOOP_00069']
NZ_CP087314	['PIPMPGMC_00003']
NZ_CP087315	['KDKJDADO_00013']
NZ_CP087316	['HMCCJLJI_00004']
NZ_CP087319	['JPALEIIJ_00021']
NZ_CP087326	['EIHIOOOO_00008']
NZ_CP087327	['BKOBLBGC_00009']
NZ_CP087329	['BMJOPFLL_00017']
NZ_CP087330	['JGNBCMOA_00007']
NZ_CP087332	['HELOIPNP_00004']
NZ_CP087333	['NDIOKOOP_00017']
NZ_CP087334	['KEEIMLEF_00001']
NZ_CP087336	['NDIOKOOP_00036']
NZ_CP087337	['OGOODICJ_00031']
NZ_CP087338	['ANJEABEL_00031']
NZ_CP087339	['DCNKOIAE_00004']
NZ_CP087342	['CFDFKOBA_00009']
NZ_CP087343	['GFLAGOFJ_00002']
NZ_CP087345	['PIPMPGMC_00031']
NZ_CP087346	['ELHMENEG_00015']
NZ_CP087349	['PIPMPGMC_00056']
NZ_CP087350	['OGAHMENG_00003']
NZ_CP087352	['PIPMPGMC_00082']
NZ_CP087353	['OGAHMENG_00009']
NZ_CP087355	['PIPMPGMC_00011']
NZ_CP087356	['OGAHMENG_00010']
NZ_CP088199	['CJANKJHF_00059']
NZ_CP088201	['HIEGNMHO_00003']
NZ_CP088202	['AJAKNGNM_00055']
NZ_CP088896	['LDMKGOAL_00010']
NZ_CP088897	['OGKOPHDF_00003']
NZ_CP088898	['BCACCHGM_00001']
NZ_CP088899	['JNKGBJHM_00001']
NZ_CP088900	['EOMFCIKD_00002']
NZ_CP089066	['ICHANHDP_00062']
NZ_CP089237	['AMNLDHPI_00022']
NZ_CP089239	['EABNCIIJ_00001']
NZ_CP089585	['LKKHJHLD_00001']
NZ_CP090002	['CHEIAPJJ_00001']
NZ_CP090183	['IABHAPAD_00002']
NZ_CP090197	['GHEJEBJK_00097']
NZ_CP090344	['GFIGFHPL_00326']
NZ_CP090345	['FCMHKECB_00015']
NZ_CP090346	['JFMMEGFA_00007']
NZ_CP090559	['MKOEMOKH_00044']
NZ_CP090650	['MMJNFECA_00051']
NZ_CP090651	['AMNLDHPI_00045']
NZ_CP090835	['JMFNKBJL_00006']
NZ_CP091197	['MIBCHDIA_00083']
NZ_CP091199	['ELJOCAJM_00056']
NZ_CP091200	['BKNJMILD_00028']
NZ_CP091228	['CADPBEEB_00026']
NZ_CP091229	['AJAKNGNM_00055']
NZ_CP091230	['IOCJOLPN_00002']
NZ_CP091232	['FDMCMINL_00022']
NZ_CP091233	['ODFDDFMC_00002']
NZ_CP091234	['ODFDDFMC_00002']
NZ_CP091236	['AJAKNGNM_00055']
NZ_CP091238	['CKKACCHK_00042']
NZ_CP091239	['HAAJGMNH_00042']
NZ_CP091329	['BCFHMHFB_00002']
NZ_CP091413	['KHBNJJDP_00010']
NZ_CP091414	['EBGNBCFO_00002']
NZ_CP091466	['KLNENJOI_00098']
NZ_CP091524	['KHOMPFHJ_00002']
NZ_CP091526	['OOOIAHLG_00019']
NZ_CP091595	['MCKABEDE_00027']
NZ_CP091597	['HMCCJLJI_00006']
NZ_CP091598	['BNJNAKCC_00132']
NZ_CP091877	['KFPCCDJN_00004']
NZ_CP091885	['AJAKNGNM_00040']
NZ_CP091887	['BKJOPGBP_00017']
NZ_CP091888	['BIBFCANL_00001']
NZ_CP091890	['IOEMPDDP_00057']
NZ_CP091891	['HFEAINNK_00043']
NZ_CP091893	['CADPBEEB_00024']
NZ_CP091894	['KEPHJOMO_00040']
NZ_CP091896	['KBKPIFDA_00001']
NZ_CP091898	['KBKPIFDA_00038']
NZ_CP091900	['NHEOAGHM_00045']
NZ_CP091902	['HFEAINNK_00060']
NZ_CP091903	['EDMAMCKF_00052']
NZ_CP091905	['HFEAINNK_00060']
NZ_CP091907	['CGFKGMPH_00052']
NZ_CP091909	['BKJOPGBP_00060']
NZ_CP091910	['ODFDDFMC_00004']
NZ_CP092029	['JOJKEPAA_00012']
NZ_CP092030	['JHCJJCME_00008']
NZ_CP092031	['IDKNGHBO_00027']
NZ_CP092053	['KHBNJJDP_00004']
NZ_CP092054	['AKAHADBA_00002']
NZ_CP092448	['GACJDGDB_00017']
NZ_CP092486	['OGAHMENG_00003']
NZ_CP092539	['KHBNJJDP_00011']
NZ_CP092541	['LEKBBJEN_00031']
NZ_CP092543	['KHBNJJDP_00005']
NZ_CP092545	['DNGGPPBL_00001']
NZ_CP092546	['KHBNJJDP_00002']
NZ_CP092548	['DNGGPPBL_00031']
NZ_CP092549	['KHBNJJDP_00002']
NZ_CP092551	['KHBNJJDP_00011']
NZ_CP092553	['KHBNJJDP_00013']
NZ_CP092555	['KHBNJJDP_00014']
NZ_CP092557	['KHBNJJDP_00026']
NZ_CP092559	['AJAKNGNM_00055']
NZ_CP092560	['LEKBBJEN_00031']
NZ_CP092562	['KHBNJJDP_00022']
NZ_CP092564	['KHBNJJDP_00006']
NZ_CP092566	['KHBNJJDP_00013']
NZ_CP092568	['KHBNJJDP_00028']
NZ_CP092575	['MBKBHPPL_00003']
NZ_CP092577	['DDEIDIOF_00091']
NZ_CP092579	['JPCPFKPE_00006']
NZ_CP092580	['MBKBHPPL_00006']
NZ_CP092582	['LEKBBJEN_00031']
NZ_CP092826	['KHBNJJDP_00002']
NZ_CP092847	['FDHMOADD_00018']
NZ_CP092908	['DNGGPPBL_00041']
NZ_CP092909	['ODFDDFMC_00005']
NZ_CP092910	['NCDABMHA_00001']
NZ_CP093017	['LMAGFEFM_00232']
NZ_CP093019	['CPBNPIII_00013']
NZ_CP093025	['EFGIOMEM_00011']
NZ_CP093026	['DKAOCEGB_00004']
NZ_CP093027	['LMAHBMGL_00009']
NZ_CP093029	['MCILFMEF_00126']
NZ_CP093359	['ICHANHDP_00058']
NZ_CP093931	['LJKHBJIC_00002']
NZ_CP093932	['LEMANGKE_00047']
NZ_CP093934	['LEMANGKE_00004']
NZ_CP093936	['KKKKBHAJ_00025']
NZ_CP093937	['EPCFMBBM_00024']
NZ_CP093958	['AJAKNGNM_00015']
NZ_CP094284	['NDIOKOOP_00124']
NZ_CP094285	['DACIBBOK_00062']
NZ_CP094286	['OGAHMENG_00010']
NZ_CP094287	['NMOCDGDG_00001']
NZ_CP094444	['MFNNKBII_00004']
NZ_CP094513	['FOOGKHJK_00007']
NZ_CP094514	['ALLNCKMD_00037']
NZ_CP094664	['KFPCCDJN_00022']
NZ_CP094678	['MMJNFECA_00091']
NZ_CP094852	['ICHANHDP_00041']
NZ_CP094854	['DENGPLLG_00002']
NZ_CP094856	['DENGPLLG_00002']
NZ_CP094858	['KHBNJJDP_00011']
NZ_CP095092	['OGAHMENG_00010']
NZ_CP095771	['IBFMKBFJ_00189']
NZ_CP095773	['BPAPFLHH_00346']
NZ_CP095775	['LAHAMLAB_00022']
NZ_CP095921	['NDDOCEEO_00460']
NZ_CP095924	['MMJNFECA_00271']
NZ_CP096043	['IDKBNJMF_00047']
NZ_CP096044	['LGKIBBON_00024']
NZ_CP096045	['BKJOPGBP_00076']
NZ_CP096046	['CMPNMDLN_00028']
NZ_CP096047	['HIEGNMHO_00019']
NZ_CP096049	['HFEAINNK_00059']
NZ_CP096050	['MIBCHDIA_00001']
NZ_CP096683	['IABHAPAD_00007']
NZ_CP096685	['NDIOKOOP_00039']
NZ_CP096687	['GLOLEKIF_00018']
NZ_CP096689	['NAPIFMJM_00054']
NZ_CP096691	['OPPAEHCE_00014']
NZ_CP096694	['OMKIJJDC_00013']
NZ_CP096695	['OCDMKAML_00084']
NZ_CP096697	['NDIOKOOP_00087']
NZ_CP096699	['NDIOKOOP_00006']
NZ_CP096701	['NDIOKOOP_00027']
NZ_CP096703	['OCDMKAML_00002']
NZ_CP096706	['PIPMPGMC_00085']
NZ_CP096708	['OCDMKAML_00094']
NZ_CP096709	['NDIOKOOP_00107']
NZ_CP096711	['NDIOKOOP_00116']
NZ_CP096712	['OCDMKAML_00098']
NZ_CP096713	['IABHAPAD_00035']
NZ_CP096715	['FIGFENLI_00016']
NZ_CP096716	['GKMFLACP_00146']
NZ_CP096718	['HELOIPNP_00022']
NZ_CP096719	['GIOIINFC_00060']
NZ_CP096721	['NDIOKOOP_00069']
NZ_CP096723	['NDIOKOOP_00060']
NZ_CP096725	['OCDMKAML_00009']
NZ_CP096726	['AIMBCBBP_00095']
NZ_CP096728	['NDIOKOOP_00006']
NZ_CP096730	['OCDMKAML_00084']
NZ_CP096732	['MAKPNAGA_00095']
NZ_CP096733	['OCDMKAML_00029']
NZ_CP096736	['OCDMKAML_00046']
NZ_CP096737	['NDIOKOOP_00024']
NZ_CP096739	['PIPMPGMC_00046']
NZ_CP096741	['IABHAPAD_00019']
NZ_CP096743	['NDIOKOOP_00094']
NZ_CP096744	['PIPMPGMC_00046']
NZ_CP096746	['NDIOKOOP_00014']
NZ_CP096748	['NDIOKOOP_00060']
NZ_CP096750	['IABHAPAD_00019']
NZ_CP096751	['OCDMKAML_00019']
NZ_CP096752	['EIDDEBFN_00116']
NZ_CP096754	['MCKABEDE_00092']
NZ_CP096756	['PIPMPGMC_00034']
NZ_CP096758	['IDKDNMCM_00002']
NZ_CP096760	['NDIOKOOP_00109']
NZ_CP096761	['FIGFENLI_00016']
NZ_CP096763	['PIPMPGMC_00051']
NZ_CP096765	['NDIOKOOP_00024']
NZ_CP096767	['NDIOKOOP_00078']
NZ_CP096769	['OCDMKAML_00067']
NZ_CP096770	['NDIOKOOP_00121']
NZ_CP097003	['BKJOPGBP_00076']
NZ_CP097005	['MIBGENHF_00002']
NZ_CP097007	['NHEOAGHM_00086']
NZ_CP097009	['HHJGDCKN_00065']
NZ_CP097011	['CADPBEEB_00026']
NZ_CP097012	['DDFHGPLJ_00042']
NZ_CP097013	['IBGACHBF_00038']
NZ_CP097021	['HIEGNMHO_00003']
NZ_CP097032	['LGKIBBON_00044']
NZ_CP097033	['JPCPFKPE_00045']
NZ_CP097035	['HLEHNFBG_00007']
NZ_CP097036	['KIHLKDAC_00013']
NZ_CP097037	['LGKIBBON_00028']
NZ_CP097039	['CADPBEEB_00026']
NZ_CP097040	['DNGGPPBL_00031']
NZ_CP097041	['MIBGENHF_00002']
NZ_CP097043	['LGKIBBON_00004']
NZ_CP097047	['CKKACCHK_00042']
NZ_CP097049	['JPCPFKPE_00026']
NZ_CP097050	['8']
NZ_CP097057	['AGPFNPAB_00068']
NZ_CP097058	['HIEGNMHO_00019']
NZ_CP097060	['KBMMMNIN_00076']
NZ_CP097067	['HIEGNMHO_00034']
NZ_CP097068	['LOGGAAIB_00001']
NZ_CP097070	['HIEGNMHO_00018']
NZ_CP097071	['EPAKBCDM_00045']
NZ_CP097214	['CLLINMKG_00123']
NZ_CP097215	['JDOPGKJJ_00008']
NZ_CP097216	['JLHBFFIP_00003']
NZ_CP097217	['HPPEHPEG_00003']
NZ_CP097386	['KHFBAKMH_00025']
NZ_CP097387	['EFMABDFP_00061']
NZ_CP097388	['NJHBCECE_00072']
NZ_CP097389	['PCKDCGNJ_00037']
NZ_CP097390	['FLPNKLMN_00010']
NZ_CP097391	['JOJEBEIG_00006']
NZ_CP097392	['EHOCHLNO_00008']
NZ_CP097393	['JDOPGKJJ_00001']
NZ_CP097394	['AEOOFINH_00001']
NZ_CP097844	['LNJEIFMG_00071']
NZ_CP097845	['LKBLHKOO_00004']
NZ_CP098026	['DDFHGPLJ_00017']
NZ_CP098027	['LGKIBBON_00027']
NZ_CP098028	['LGKIBBON_00020']
NZ_CP098029	['KIHLKDAC_00013']
NZ_CP098254	['KHBNJJDP_00015']
NZ_CP098256	['EPCFMBBM_00026']
NZ_CP098258	['KHBNJJDP_00026']
NZ_CP098419	['NHEOAGHM_00038']
NZ_CP098420	['HIEGNMHO_00042']
NZ_CP098421	['LGKIBBON_00044']
NZ_CP098422	['FBCLDOPN_00007']
NZ_CP098522	['EPHOBNNA_00216']
NZ_CP098728	['BKNJMILD_00028']
NZ_CP098729	['NEMIACPG_00001']
NZ_CP098730	['KHOMPFHJ_00001']
NZ_CP098744	['LGKIBBON_00027']
NZ_CP098745	['OELMJNBC_00043']
NZ_CP098746	['DCJDGOJJ_00020']
NZ_CP098792	['ICPJHIDA_00066']
NZ_CP098793	['AEGKFNOM_00035']
NZ_CP098794	['MGFCDMCN_00006']
NZ_CP098796	['17']
NZ_CP098797	['GPMFHNNA_00044']
NZ_CP098798	['ODFENAOH_00004']
NZ_CP098799	['MGFCDMCN_00002']
NZ_CP099496	['KHBNJJDP_00029']
NZ_CP099498	['DKGEKHIO_00001']
NZ_CP099500	['DHCNNECB_00030']
NZ_CP099501	['DKGEKHIO_00002']
NZ_CP099503	['KHBNJJDP_00021']
NZ_CP099505	['KHBNJJDP_00007']
NZ_CP099507	['DKGEKHIO_00002']
NZ_CP099509	['KHBNJJDP_00026']
NZ_CP099510	['KHBNJJDP_00004']
NZ_CP099577	['BKNJMILD_00024']
NZ_CP099578	['DHPEAAFH_00001']
NZ_CP099961	['MMJNFECA_00095']
NZ_CP100306	['PIPMPGMC_00022']
NZ_CP100307	['OGAHMENG_00006']
NZ_CP101514	['LGNDNOFF_00012']
NZ_CP101515	['LGNDNOFF_00050']
NZ_CP101516	['EPHOBNNA_00121']
NZ_CP101706	['GHEJEBJK_00151']
NZ_CP101727	['AAEILPFJ_00062']
NZ_CP101728	['APEACBGE_00016']
NZ_CP101729	['KGPPIDOK_00004']
NZ_CP101730	['AELCAFGO_00004']
NZ_CP101765	['FOOGKHJK_00023']
NZ_CP101766	['DNAHELJE_00127']
NZ_CP101767	['ECHEKPHN_00029']
NZ_CP101768	['KGPPIDOK_00001']
NZ_CP101769	['AELCAFGO_00002']
NZ_CP101771	['MNPHLIDK_00001']
NZ_CP101772	['EIDGIGDK_00107']
NZ_CP101773	['KGPPIDOK_00004']
NZ_CP101774	['GFIGFHPL_00248']
NZ_CP101775	['EMFIMOIO_00103']
NZ_CP101777	['AELCAFGO_00006']
NZ_CP101778	['OKMIEBPJ_00076']
NZ_CP101779	['HBKAPKGC_00016']
NZ_CP101780	['DIIEMADD_00047']
NZ_CP101781	['KGPPIDOK_00008']
NZ_CP101782	['GFNECJJM_00029']
NZ_CP101783	['CPJNMEAL_00200']
NZ_CP101785	['LFFOEEBK_00025']
NZ_CP101786	['EDLCNBJB_00148']
NZ_CP101787	['KGPPIDOK_00005']
NZ_CP101788	['OCFNKPMD_00057']
NZ_CP101789	['AELCAFGO_00002']
NZ_CP101791	['FBAIFAMD_00002']
NZ_CP101792	['GKCDAOPA_00015']
NZ_CP101793	['AGDLDKGK_00044']
NZ_CP101794	['EDLCNBJB_00244']
NZ_CP101795	['DDONMNJO_00129']
NZ_CP101859	['HFGKCAOB_00142']
NZ_CP101860	['EMFIMOIO_00017']
NZ_CP101861	['MGOJEHKN_00044']
NZ_CP101862	['FGDCPFPB_00002']
NZ_CP101863	['DKJONLLJ_00004']
NZ_CP101864	['IPOIHMKC_00003']
NZ_CP101865	['KELKOLAF_00002']
NZ_CP101867	['JJPBPJMK_00051']
NZ_CP101868	['AHBOFANC_00021']
NZ_CP101869	['IPPJECON_00030']
NZ_CP101870	['JJPGLBPD_00002']
NZ_CP101871	['EBABLIOB_00001']
NZ_CP101872	['DFHLLHIG_00001']
NZ_CP101878	['AMOKMPIA_00020']
NZ_CP101879	['AAHLAANJ_00002']
NZ_CP101880	['IJJNGFIL_00037']
NZ_CP101881	['JOJEBEIG_00002']
NZ_CP101882	['AHMCLEBO_00005']
NZ_CP101883	['AGOAABOK_00005']
NZ_CP101916	['BGPAJKNP_00021']
NZ_CP101917	['BPPJGEMD_00013']
NZ_CP101918	['PAANJALP_00001']
NZ_CP101919	['PFIKHEHM_00003']
NZ_CP101923	['DPCKBJJH_00110']
NZ_CP101924	['BDFBLGBA_00004']
NZ_CP101926	['DKNILFIB_00068']
NZ_CP101927	['LDAOLCBN_00020']
NZ_CP101928	['JDNILBPC_00003']
NZ_CP101929	['DOKOIBEK_00002']
NZ_CP102062	['MHDGEJGH_00044']
NZ_CP102063	['KHFBAKMH_00030']
NZ_CP102064	['LFHFPOMB_00001']
NZ_CP102066	['CADPBEEB_00028']
NZ_CP102067	['JNCGIKKO_00034']
NZ_CP102068	['FBCLDOPN_00004']
NZ_CP102069	['MIBGENHF_00002']
NZ_CP102071	['DNGGPPBL_00091']
NZ_CP102072	['EDMAMCKF_00006']
NZ_CP102073	['FBCLDOPN_00004']
NZ_CP102074	['HACKOINM_00010']
NZ_CP102075	['HGFKOABC_00002']
NZ_CP102076	['CGAMFGFL_00001']
NZ_CP102078	['KEEPGOCL_00069']
NZ_CP102079	['47']
NZ_CP102080	['AHBOFANC_00048']
NZ_CP102187	['DNAHELJE_00127']
NZ_CP102188	['LGNDNOFF_00033']
NZ_CP102189	['CLECKLIL_00015']
NZ_CP102190	['DDONMNJO_00108']
NZ_CP102191	['MNPHLIDK_00001']
NZ_CP102193	['GFIGFHPL_00340']
NZ_CP102194	['ECHEKPHN_00030']
NZ_CP102195	['KGPPIDOK_00007']
NZ_CP102196	['AJAHCBHJ_00026']
NZ_CP102245	['GHEJEBJK_00062']
NZ_CP102295	['MMJNFECA_00276']
NZ_CP102391	['GFIGFHPL_00294']
NZ_CP102392	['FBNHMMKK_00138']
NZ_CP102393	['EFMABDFP_00029']
NZ_CP102394	['EIDGIGDK_00247']
NZ_CP102395	['KGPPIDOK_00002']
NZ_CP102396	['AELCAFGO_00003']
NZ_CP102436	['EDLCNBJB_00076']
NZ_CP102437	['KFCDMHGN_00059']
NZ_CP102439	['KEEPGOCL_00075']
NZ_CP102481	['OECOPEOP_00012']
NZ_CP102489	['FBNHMMKK_00138']
NZ_CP102547	['DDONMNJO_00127']
NZ_CP102548	['ABHHLNAL_00249']
NZ_CP102549	['HBKAPKGC_00021']
NZ_CP102550	['AHMCLEBO_00006']
NZ_CP102551	['OCNHCHKN_00004']
NZ_CP102553	['IPENEFPL_00201']
NZ_CP102554	['FKNGDBCE_00022']
NZ_CP102555	['KHFBAKMH_00041']
NZ_CP102556	['JDOPGKJJ_00004']
NZ_CP102557	['GFIGFHPL_00374']
NZ_CP102558	['GFNECJJM_00019']
NZ_CP102631	['GFIGFHPL_00390']
NZ_CP102632	['HGNAFCGH_00189']
NZ_CP102633	['LGNDNOFF_00081']
NZ_CP102635	['BGPAJKNP_00021']
NZ_CP102636	['GFIGFHPL_00343']
NZ_CP102637	['KFCDMHGN_00023']
NZ_CP102638	['GFIGFHPL_00400']
NZ_CP102639	['IFHAIJNI_00074']
NZ_CP102640	['AAEILPFJ_00128']
NZ_CP102641	['AMGKNLFC_00017']
NZ_CP102642	['AAEILPFJ_00050']
NZ_CP102672	['AGDLDKGK_00015']
NZ_CP102674	['GLKNLKCE_00055']
NZ_CP102676	['EMFIMOIO_00062']
NZ_CP102677	['LPACMANN_00086']
NZ_CP102678	['AGDLDKGK_00041']
NZ_CP102832	['IABHAPAD_00006']
NZ_CP102834	['DDONMNJO_00134']
NZ_CP102835	['MKDIEAIF_00004']
NZ_CP102837	['GFIGFHPL_00243']
NZ_CP102838	['DDONMNJO_00098']
NZ_CP102839	['AMGKNLFC_00060']
NZ_CP102840	['KGPPIDOK_00011']
NZ_CP102842	['NMLCIGLG_00012']
NZ_CP102843	['KGPPIDOK_00012']
NZ_CP102844	['AGOAABOK_00008']
NZ_CP102854	['EPHOBNNA_00060']
NZ_CP102855	['HFGKCAOB_00141']
NZ_CP102856	['CJIPNGLP_00022']
NZ_CP102857	['NEIAHBMO_00007']
NZ_CP102858	['NPLDJPPI_00002']
NZ_CP102870	['MOFICPGL_00057']
NZ_CP102871	['EPHOBNNA_00058']
NZ_CP102873	['EFMABDFP_00076']
NZ_CP102874	['HANPNPGP_00008']
NZ_CP102875	['AHBOFANC_00027']
NZ_CP102876	['MHCDDEFG_00008']
NZ_CP102878	['NGMDBEPG_00040']
NZ_CP102879	['KFCDMHGN_00037']
NZ_CP102880	['KHMFFAAN_00047']
NZ_CP102881	['AHBOFANC_00048']
NZ_CP102882	['FNFEEEIL_00002']
NZ_CP102884	['GFIGFHPL_00360']
NZ_CP102886	['AAHLAANJ_00090']
NZ_CP102887	['ALLNCKMD_00038']
NZ_CP102888	['KCCJFADB_00004']
NZ_CP102890	['AHBOFANC_00017']
NZ_CP102892	['AHBOFANC_00047']
NZ_CP102941	['EIDGIGDK_00057']
NZ_CP102948	['CLLINMKG_00018']
NZ_CP102949	['GMHONFHG_00015']
NZ_CP102988	['KHMFFAAN_00153']
NZ_CP102989	['NGEPKHAE_00117']
NZ_CP102990	['AMGKNLFC_00004']
NZ_CP102991	['JOJEBEIG_00005']
NZ_CP102992	['MKDIEAIF_00004']
NZ_CP102994	['DDONMNJO_00143']
NZ_CP102995	['GFIGFHPL_00372']
NZ_CP103296	['GFNECJJM_00094']
NZ_CP103297	['JFMMEGFA_00007']
NZ_CP103316	['EDLCNBJB_00244']
NZ_CP103317	['EIDGIGDK_00247']
NZ_CP103318	['EIIFPNLO_00073']
NZ_CP103319	['DDONMNJO_00128']
NZ_CP103320	['JFMMEGFA_00007']
NZ_CP103321	['KGPPIDOK_00001']
NZ_CP103322	['AELCAFGO_00006']
NZ_CP103323	['OMIMIMCL_00002']
NZ_CP103414	['OGAHMENG_00010']
NZ_CP103415	['ICPJHIDA_00098']
NZ_CP103466	['AAEILPFJ_00105']
NZ_CP103467	['BKBNCBAN_00032']
NZ_CP103469	['NIGFPMMD_00076']
NZ_CP103470	['CJIPNGLP_00077']
NZ_CP103471	['DKNILFIB_00034']
NZ_CP103472	['AALNJHKO_00001']
NZ_CP103473	['BGDBCOON_00001']
NZ_CP103474	['IDDOIKJI_00022']
NZ_CP103475	['OGFPDAOE_00002']
NZ_CP103476	['DKBBMFLB_00002']
NZ_CP103477	['LFHFPOMB_00001']
NZ_CP103478	['DFHLLHIG_00001']
NZ_CP103480	['GNHFMEOC_00015']
NZ_CP103481	['PDJFLJNA_00062']
NZ_CP103482	['AGNKNDKF_00045']
NZ_CP103483	['AALNJHKO_00001']
NZ_CP103484	['NJAPEIGP_00002']
NZ_CP103485	['OCPFELME_00005']
NZ_CP103486	['DFHLLHIG_00001']
NZ_CP103500	['HANPNPGP_00025']
NZ_CP103501	['AELFDOMH_00057']
NZ_CP103502	['EHIGMNNK_00074']
NZ_CP103504	['NGMDBEPG_00159']
NZ_CP103505	['LGNDNOFF_00068']
NZ_CP103506	['PGAJFAFJ_00012']
NZ_CP103507	['BFFPNGJG_00002']
NZ_CP103509	['EMFIMOIO_00017']
NZ_CP103510	['KHMFFAAN_00153']
NZ_CP103511	['AALNJHKO_00002']
NZ_CP103513	['GFIGFHPL_00362']
NZ_CP103514	['EIIFPNLO_00032']
NZ_CP103516	['JFMMEGFA_00007']
NZ_CP103517	['EHOCHLNO_00001']
NZ_CP103518	['KEEPGOCL_00216']
NZ_CP103519	['AEOOFINH_00001']
NZ_CP103520	['LFHFPOMB_00001']
NZ_CP103522	['LGNDNOFF_00059']
NZ_CP103523	['HMKDGAKJ_00007']
NZ_CP103524	['DKNILFIB_00009']
NZ_CP103525	['AALNJHKO_00001']
NZ_CP103526	['CPHFPJLL_00002']
NZ_CP103527	['BGDBCOON_00003']
NZ_CP103528	['MHGNMACA_00001']
NZ_CP103530	['AMOKMPIA_00016']
NZ_CP103531	['LDAOLCBN_00017']
NZ_CP103532	['BPPJGEMD_00013']
NZ_CP103534	['JFMMEGFA_00007']
NZ_CP103535	['BBDAAMKG_00038']
NZ_CP103536	['KFCDMHGN_00035']
NZ_CP103537	['HGPJBHNL_00003']
NZ_CP103538	['EMPPFCIL_00006']
NZ_CP103539	['FGDCPFPB_00005']
NZ_CP103541	['FBNHMMKK_00178']
NZ_CP103542	['KEEPGOCL_00216']
NZ_CP103543	['HIBBNPBC_00002']
NZ_CP103545	['NGEPKHAE_00069']
NZ_CP103546	['JAEKIFJG_00052']
NZ_CP103547	['BGDBCOON_00002']
NZ_CP103549	['OEFCOCAJ_00001']
NZ_CP103551	['DDONMNJO_00165']
NZ_CP103552	['JFMMEGFA_00007']
NZ_CP103553	['GFNECJJM_00031']
NZ_CP103558	['GNHFMEOC_00015']
NZ_CP103561	['OCFNKPMD_00092']
NZ_CP103563	['OCFNKPMD_00057']
NZ_CP103564	['DMOAJFML_00026']
NZ_CP103565	['DKBBMFLB_00002']
NZ_CP103566	['EMKIDCFC_00003']
NZ_CP103568	['DFPJPBHA_00143']
NZ_CP103569	['PMBDOLDE_00002']
NZ_CP103571	['ODHODLGB_00050']
NZ_CP103572	['LGNDNOFF_00027']
NZ_CP103573	['EHOCHLNO_00001']
NZ_CP103574	['ALOIPOCK_00001']
NZ_CP103575	['PFKCKNIB_00001']
NZ_CP103576	['EMKIDCFC_00003']
NZ_CP103580	['EGDGGAJL_00137']
NZ_CP103581	['KINMIACA_00004']
NZ_CP103583	['JFMMEGFA_00007']
NZ_CP103584	['GKCDAOPA_00110']
NZ_CP103585	['KFCDMHGN_00037']
NZ_CP103587	['AHBOFANC_00011']
NZ_CP103588	['OMHDAOMF_00003']
NZ_CP103590	['LGNDNOFF_00034']
NZ_CP103591	['LGNDNOFF_00021']
NZ_CP103593	['FIBEBEJD_00052']
NZ_CP103594	['HELOIPNP_00015']
NZ_CP103595	['AALNJHKO_00003']
NZ_CP103597	['HFGKCAOB_00069']
NZ_CP103598	['FKDFMBEH_00015']
NZ_CP103599	['BKBNCBAN_00035']
NZ_CP103600	['GDPGFHGP_00042']
NZ_CP103601	['GDPGFHGP_00031']
NZ_CP103602	['AEOOFINH_00003']
NZ_CP103603	['DHPMPHIP_00002']
NZ_CP103604	['LFHFPOMB_00001']
NZ_CP103606	['EGDGGAJL_00128']
NZ_CP103607	['DDONMNJO_00139']
NZ_CP103608	['MKDIEAIF_00004']
NZ_CP103610	['GMHONFHG_00039']
NZ_CP103615	['DDONMNJO_00165']
NZ_CP103616	['LJPOHEDA_00006']
NZ_CP103617	['AHMCLEBO_00005']
NZ_CP103619	['DDONMNJO_00098']
NZ_CP103620	['KGPPIDOK_00002']
NZ_CP103622	['DDONMNJO_00164']
NZ_CP103624	['BBDAAMKG_00046']
NZ_CP103625	['OMIGPHMI_00001']
NZ_CP103627	['FOOGKHJK_00023']
NZ_CP103628	['LGNDNOFF_00037']
NZ_CP103629	['BPPJGEMD_00008']
NZ_CP103630	['BGDBCOON_00003']
NZ_CP103631	['BGDBCOON_00001']
NZ_CP103632	['LFHFPOMB_00001']
NZ_CP103634	['AAEILPFJ_00131']
NZ_CP103636	['EIDGIGDK_00033']
NZ_CP103637	['EBABLIOB_00001']
NZ_CP103638	['OEFCOCAJ_00001']
NZ_CP103646	['AMOKMPIA_00102']
NZ_CP103647	['AAEILPFJ_00004']
NZ_CP103648	['HELOIPNP_00015']
NZ_CP103649	['KCCJFADB_00004']
NZ_CP103650	['FBGPHLDP_00001']
NZ_CP103651	['PFKCKNIB_00002']
NZ_CP103652	['DKBBMFLB_00002']
NZ_CP103653	['KCCJFADB_00004']
NZ_CP103655	['HANPNPGP_00003']
NZ_CP103656	['PHJEGCFN_00006']
NZ_CP103658	['FIBEBEJD_00122']
NZ_CP103659	['DPCKBJJH_00124']
NZ_CP103660	['GLKNLKCE_00044']
NZ_CP103661	['BBDAAMKG_00060']
NZ_CP103662	['HFGKCAOB_00112']
NZ_CP103663	['AHBOFANC_00052']
NZ_CP103677	['EGDGGAJL_00131']
NZ_CP103678	['MKDIEAIF_00004']
NZ_CP103688	['DDONMNJO_00142']
NZ_CP103689	['KFCDMHGN_00031']
NZ_CP103695	['AOGFFOGH_00071']
NZ_CP103696	['EMFIMOIO_00103']
NZ_CP103698	['67']
NZ_CP103700	['HANPNPGP_00075']
NZ_CP103701	['EHIGMNNK_00042']
NZ_CP103702	['KMAIMLFG_00003']
NZ_CP103703	['OEFCOCAJ_00001']
NZ_CP103705	['IJJNGFIL_00037']
NZ_CP103706	['AAEILPFJ_00147']
NZ_CP103707	['ALPLLNIE_00004']
NZ_CP103708	['AEOOFINH_00004']
NZ_CP103709	['LFHFPOMB_00001']
NZ_CP103711	['JPNILANJ_00166']
NZ_CP103712	['GHEJEBJK_00113']
NZ_CP103713	['GHCIHHEB_00019']
NZ_CP103715	['FAIGAIIG_00007']
NZ_CP103716	['BELJDPIG_00039']
NZ_CP103717	['ANPNPHOJ_00001']
NZ_CP103719	['PDMDKOJI_00073']
NZ_CP103720	['JMFNKBJL_00011']
NZ_CP103721	['LOEJLNJM_00003']
NZ_CP103728	['DDONMNJO_00091']
NZ_CP103730	['BGPAJKNP_00021']
NZ_CP103732	['EPHOBNNA_00254']
NZ_CP103733	['BIIEKLEB_00003']
NZ_CP103734	['MOOHMMPA_00002']
NZ_CP103735	['MKDIEAIF_00004']
NZ_CP103736	['DKJONLLJ_00002']
NZ_CP103737	['LFHFPOMB_00001']
NZ_CP103738	['GHEKOPFM_00001']
NZ_CP103740	['GHEJEBJK_00090']
NZ_CP103741	['GLKNLKCE_00097']
NZ_CP103743	['AAEILPFJ_00017']
NZ_CP103744	['KFCDMHGN_00104']
NZ_CP103746	['EMFIMOIO_00051']
NZ_CP103747	['AAEILPFJ_00043']
NZ_CP103748	['BBDAAMKG_00085']
NZ_CP103749	['FLBCOBFD_00007']
NZ_CP103750	['JDNILBPC_00002']
NZ_CP103756	['ACEPEFDN_00046']
NZ_CP103757	['DCDAKHAN_00001']
NZ_CP103759	['GHEJEBJK_00086']
NZ_CP103760	['HELBBBFP_00005']
NZ_CP103761	['AEOOFINH_00001']
NZ_CP103763	['HMKDGAKJ_00007']
NZ_CP103764	['GLKNLKCE_00065']
NZ_CP103765	['DKNILFIB_00065']
NZ_CP103766	['BIIEKLEB_00008']
NZ_CP103767	['LFHFPOMB_00001']
NZ_CP103849	['DHPEAAFH_00001']
NZ_CP103862	['LGKIBBON_00015']
NZ_KP873171	['LABKKIFB_00022']
NZ_KP873172	['MMJNFECA_00220']
NZ_KP975076	['MMJNFECA_00220']
NZ_KR106190	['ILFCGALI_00015']
NZ_KR106191	['KALMCPFG_00009']
NZ_KU254577	['LNBCHMJN_00207']
NZ_KU578314	['OLPDLBGK_00024']
NZ_KX169264	['OECOPEOP_00015']
NZ_KX709966	['NGEPKHAE_00199']
NZ_KX711879	['KFCDMHGN_00037']
NZ_KX889311	['GNPEGCKA_00040']
NZ_KY296095	['LNJEIFMG_00140']
NZ_KY296096	['BGLEPKDK_00001']
NZ_KY494864	['MMJNFECA_00421']
NZ_KY630469	['AAEILPFJ_00072']
NZ_LC586262	['LAHAMLAB_00062']
NZ_LC586263	['LAHAMLAB_00040']
NZ_LC586264	['LAHAMLAB_00025']
NZ_LC586265	['LNBCHMJN_00214']
NZ_LC586266	['LAHAMLAB_00028']
NZ_LC586267	['LAHAMLAB_00056']
NZ_LC586268	['LAHAMLAB_00063']
NZ_LC586269	['KPJLANLK_00291']
NZ_LC589064	['EJLIKCGE_00015']
NZ_LN809998	['DLNNEJJD_00038']
NZ_MF141039	['GHAFEDBG_00036']
NZ_MF144194	['AFEGAKCD_00006']
NZ_MF168945	['FHMAJDGG_00026']
NZ_MF344568	['MMJNFECA_00371']
NZ_MF344570	['MMJNFECA_00463']
NZ_MF344571	['MMJNFECA_00098']
NZ_MF344578	['EABNCIIJ_00032']
NZ_MF344579	['AHFGDKJD_00002']
NZ_MG958650	['EIMIGJFN_00037']
NZ_MH053445	['BGPAJKNP_00042']
NZ_MH061383	['EIIFPNLO_00020']
NZ_MH401130	['DACIBBOK_00096']
NZ_MH401131	['BAHOIAMM_00107']
NZ_MH463250	['EMOMOJBH_00283']
NZ_MH547560	['OCKJJCNE_00173']
NZ_MH547561	['NKLIHOLJ_00074']
NZ_MH594579	['EMFMAHAN_00023']
NZ_MH734334	['DOHNGDJO_00039']
NZ_MK047609	['FMEMPELN_00036']
NZ_MK047610	['BLGBHCBH_00044']
NZ_MK214761	['IJGBHBNL_00005']
NZ_MK882885	['HGNAFCGH_00189']
NZ_MN082782	['EABNCIIJ_00002']
NZ_MN208061	['MMJNFECA_00140']
NZ_MN208062	['MMJNFECA_00301']
NZ_MN336501	['LNBCHMJN_00202']
NZ_MN386974	['LFJOGDFI_00001']
NZ_MN433456	['EDGEPJND_00044']
NZ_MN433457	['MMJNFECA_00144']
NZ_MN583270	['KPJLANLK_00263']
NZ_MN894888	['GILLHIMN_00438']
NZ_MN894889	['MMJNFECA_00036']
NZ_MN961671	['MCILFMEF_00004']
NZ_MN961672	['MCILFMEF_00135']
NZ_MN961673	['LAHAMLAB_00057']
NZ_MT313930	['OAJHJMBE_00019']
NZ_MT598646	['MMJNFECA_00201']
NZ_MT683614	['KIHLKDAC_00013']
NZ_MT732179	['IDFIEJKJ_00196']
NZ_MT732180	['LBLPKPOK_00551']
NZ_MT732181	['MMJNFECA_00419']
NZ_MT732182	['MMJNFECA_00066']
NZ_MT732183	['MMJNFECA_00463']
NZ_MT732184	['MMJNFECA_00374']
NZ_MT732185	['NDDOCEEO_00068']
NZ_MT732186	['NDDOCEEO_00377']
NZ_MT732187	['GILLHIMN_00444']
NZ_MT732188	['MMJNFECA_00086']
NZ_MT732189	['MMJNFECA_00420']
NZ_MT732190	['MMJNFECA_00422']
NZ_MT732191	['MMJNFECA_00390']
NZ_MT732192	['MMJNFECA_00397']
NZ_MT732193	['MMJNFECA_00387']
NZ_MT732194	['MFLKFMFM_00120']
NZ_MT732195	['MMJNFECA_00211']
NZ_MT732196	['MMJNFECA_00111']
NZ_MT732197	['KPJLANLK_00025']
NZ_MT813426	['PIPMPGMC_00063']
NZ_MT874923	['EMKJDMJC_00010']
NZ_MT874924	['AOJBBKDN_00008']
NZ_MT949191	['EABNCIIJ_00011']
NZ_MW012677	['DCJDGOJJ_00025']
NZ_MW300275	['LFJOGDFI_00058']
NZ_MW300276	['BGPAJKNP_00012']
NZ_MW310258	['IGGPBGLP_00012']
NZ_MW413305	['GOGEPMMB_00096']
NZ_MZ050803	['DOHNGDJO_00042']
NZ_MZ532979	['GFIGFHPL_00239']
NZ_MZ532980	['IDLEKGGC_00248']
NZ_MZ603802	['EPJPJCFF_00021']
NZ_MZ867985	['ODHIAABC_00020']
NZ_OD940421	['DDFHGPLJ_00007']
NZ_OD940423	['HHJGDCKN_00003']
NZ_OD940424	['APLPCPNK_00020']
NZ_OD940425	['DNGGPPBL_00004']
NZ_OD940432	['JOJBJEPI_00153']
NZ_OD940433	['BKJOPGBP_00006']
NZ_OD940435	['NHEOAGHM_00086']
NZ_OD940436	['HIEGNMHO_00029']
NZ_OD940438	['MCJNMHOA_00061']
NZ_OD940439	['NHEOAGHM_00003']
NZ_OK086355	['EABNCIIJ_00033']
NZ_OK105106	['LNJEIFMG_00133']
NZ_OK217279	['MHDGEJGH_00050']
NZ_OK236218	['GFNECJJM_00098']
NZ_OK492155	['OGAHMENG_00005']
NZ_OK492156	['JOJKEPAA_00020']
NZ_OK492157	['JOJKEPAA_00007']
NZ_OK492158	['ICPJHIDA_00098']
NZ_OK546135	['JOJKEPAA_00008']
NZ_OK623716	['FCMAOAIB_00049']
NZ_OK644452	['EFMABDFP_00107']
NZ_OL348377	['GFIGFHPL_00359']
NZ_OL348378	['NGEPKHAE_00024']
NZ_OL348381	['NJHBCECE_00082']
NZ_OL504740	['BELJDPIG_00030']
NZ_OL589121	['OCKJJCNE_00157']
NZ_OL689185	['KHBNJJDP_00028']
NZ_OL689186	['KHBNJJDP_00006']
NZ_OL744329	['EGDGGAJL_00139']
NZ_OL744330	['IMOPLPBG_00136']
NZ_OL780449	['BPAPFLHH_00346']
NZ_OL891653	['FLNPCDBP_00021']
NZ_OM362497	['NAONNGIG_00018']
NZ_OM574792	['HHJGDCKN_00003']
NZ_OM574793	['CJANKJHF_00066']
NZ_OU538996	['EDMAMCKF_00006']
