	Rep Types
NZ_CP030153	IncFIB
NZ_CP030153	rep_cluster_2244
NZ_CP030155	IncI-gamma/K1
NZ_CP046248	rep_cluster_180
NZ_CP053182	rep_cluster_980
NZ_CP054417	rep_cluster_1226
NZ_CP054561	rep_cluster_1226
NZ_CP058731	rep_cluster_1226
NZ_CP059476	rep_cluster_481
NZ_CP062313	rep_cluster_1017
NZ_CP062313	rep_cluster_1733
NZ_CP062313	rep_cluster_2100
NZ_CP062315	rep_cluster_1017
NZ_CP062315	rep_cluster_1733
NZ_CP062315	rep_cluster_2100
NZ_CP062319	rep_cluster_1017
NZ_CP062319	rep_cluster_1733
NZ_CP062319	rep_cluster_2214
NZ_CP062321	rep_cluster_1017
NZ_CP062321	rep_cluster_1733
NZ_CP062321	rep_cluster_2100
NZ_CP062323	rep_cluster_1733
NZ_CP062323	rep_cluster_2214
NZ_CP062325	rep_cluster_1017
NZ_CP062325	rep_cluster_1733
NZ_CP062325	rep_cluster_2100
NZ_CP062328	rep_cluster_1733
NZ_CP062328	rep_cluster_2214
NZ_CP062332	rep_cluster_1017
NZ_CP062332	rep_cluster_1733
NZ_CP062332	rep_cluster_2100
NZ_CP062335	rep_cluster_1733
NZ_CP062335	rep_cluster_2214
NZ_CP062337	rep_cluster_1733
NZ_CP062337	rep_cluster_2214
NZ_CP062341	rep_cluster_1733
NZ_CP062341	rep_cluster_2214
NZ_CP062343	rep_cluster_1733
NZ_CP062343	rep_cluster_2214
NZ_CP062345	rep_cluster_1017
NZ_CP062345	rep_cluster_1733
NZ_CP062345	rep_cluster_2100
NZ_CP062347	rep_cluster_1017
NZ_CP062347	rep_cluster_155
NZ_CP062347	rep_cluster_1733
NZ_CP062347	rep_cluster_2100
NZ_CP062347	rep_cluster_2176
NZ_CP062349	rep_cluster_1733
NZ_CP062349	rep_cluster_2214
NZ_CP062351	rep_cluster_1215
NZ_CP062355	rep_cluster_1733
NZ_CP062355	rep_cluster_2214
NZ_CP062359	rep_cluster_1017
NZ_CP062359	rep_cluster_1215
NZ_CP062365	rep_cluster_2341
NZ_CP062365	rep_cluster_418
NZ_CP062367	rep_cluster_1017
NZ_CP062367	rep_cluster_1733
NZ_CP062367	rep_cluster_2100
NZ_CP062369	rep_cluster_1017
NZ_CP062369	rep_cluster_1215
NZ_CP062371	rep_cluster_1017
NZ_CP062371	rep_cluster_1215
NZ_CP062377	rep_cluster_1733
NZ_CP062377	rep_cluster_2214
NZ_CP062379	rep_cluster_1017
NZ_CP062379	rep_cluster_1215
NZ_CP062381	rep_cluster_1017
NZ_CP062381	rep_cluster_1215
NZ_CP062381	rep_cluster_155
NZ_CP062381	rep_cluster_2176
NZ_CP062383	rep_cluster_1017
NZ_CP062383	rep_cluster_155
NZ_CP062383	rep_cluster_1733
NZ_CP062383	rep_cluster_2100
NZ_CP062383	rep_cluster_2176
NZ_CP062385	rep_cluster_1733
NZ_CP062385	rep_cluster_2214
NZ_CP062389	rep_cluster_1017
NZ_CP062389	rep_cluster_1215
NZ_CP062392	rep_cluster_1017
NZ_CP062392	rep_cluster_1733
NZ_CP062392	rep_cluster_2100
NZ_CP062394	rep_cluster_1017
NZ_CP062394	rep_cluster_1215
NZ_CP062397	rep_cluster_1017
NZ_CP062397	rep_cluster_1215
NZ_CP062397	rep_cluster_155
NZ_CP062397	rep_cluster_2176
NZ_CP063981	rep_cluster_980
NZ_CP064366	rep_cluster_1017
NZ_CP064366	rep_cluster_1733
NZ_CP064366	rep_cluster_2100
NZ_CP064366	rep_cluster_2214
NZ_CP064390	rep_cluster_1017
NZ_CP064390	rep_cluster_1215
NZ_CP065785	rep_cluster_180
NZ_CP065785	rep_cluster_185
NZ_CP065785	rep_cluster_2301
NZ_CP065786	rep_cluster_1027
NZ_CP068250	rep_cluster_183
NZ_CP068250	rep_cluster_185
NZ_CP068683	rep_cluster_1017
NZ_CP068683	rep_cluster_1733
NZ_CP068683	rep_cluster_2100
NZ_CP070360	rep_cluster_1172
NZ_CP071186	rep_cluster_1118
NZ_CP071186	rep_cluster_992
NZ_CP072508	rep_cluster_1027
NZ_CP073925	IncHI1A
NZ_CP073925	IncQ1
NZ_CP073927	IncFIA
NZ_CP073927	IncFIB
NZ_CP073927	IncFIC
NZ_CP073933	IncFIA
NZ_CP073933	IncFIC
NZ_CP073947	IncFIA
NZ_CP073947	IncFIC
NZ_CP073948	IncFIA
NZ_CP073948	IncFIB
NZ_CP073954	IncFIA
NZ_CP073954	IncFIC
NZ_CP073959	IncHI1A
NZ_CP073959	IncQ1
NZ_CP073963	IncFIA
NZ_CP073963	IncFIB
NZ_CP073963	IncFIC
NZ_CP073982	IncHI2A
NZ_CP073982	rep_cluster_1088
NZ_CP073985	IncHI2A
NZ_CP073985	rep_cluster_1088
NZ_CP073995	IncFIA
NZ_CP073995	IncFIB
NZ_CP073995	IncFIC
NZ_CP074002	IncY
NZ_CP074003	IncFIA
NZ_CP074003	IncFIB
NZ_CP074003	rep_cluster_1760
NZ_CP074013	IncY
NZ_CP074020	IncFIB
NZ_CP074020	IncFIC
NZ_CP074020	rep_cluster_2244
NZ_CP074021	IncI1/B/O
NZ_CP074032	IncFIB
NZ_CP074032	IncFIC
NZ_CP074032	rep_cluster_2244
NZ_CP074034	IncFIA
NZ_CP074034	IncFIC
NZ_CP074036	IncI-gamma/K1
NZ_CP074044	IncFIA
NZ_CP074044	IncFIC
NZ_CP074048	IncHI1A
NZ_CP074048	IncQ1
NZ_CP075605	rep_cluster_1118
NZ_CP075605	rep_cluster_2301
NZ_CP075605	rep_cluster_980
NZ_CP075606	rep_cluster_180
NZ_CP075607	rep_cluster_992
NZ_CP075608	rep_cluster_1249
NZ_CP075608	rep_cluster_183
NZ_CP075717	IncFIA
NZ_CP075717	IncFIB
NZ_CP075718	IncFIA
NZ_CP075718	IncFIC
NZ_CP075720	IncY
NZ_CP075724	IncX1
NZ_CP075724	IncY
NZ_CP075725	IncFIA
NZ_CP075725	IncFIC
NZ_CP075732	IncFIA
NZ_CP075732	IncFIB
NZ_CP075732	IncFIC
NZ_CP075738	IncHI2A
NZ_CP075738	IncN
NZ_CP075738	rep_cluster_1088
NZ_CP075740	IncI-gamma/K1
NZ_CP075741	IncFIA
NZ_CP075741	IncFIC
NZ_CP076260	IncFIB
NZ_CP076260	IncFII
NZ_CP076260	IncI1
NZ_CP076261	IncI-gamma/K1
NZ_CP076263	IncFIA
NZ_CP076263	IncFIB
NZ_CP076265	IncFIA
NZ_CP076265	IncFIB
NZ_CP076269	IncFIA
NZ_CP076269	IncFIB
NZ_CP076269	IncFII
NZ_CP076271	IncFIA
NZ_CP076271	IncFIB
NZ_CP076273	IncFIB
NZ_CP076273	IncFII
NZ_CP076273	IncI1
NZ_CP076275	IncFIA
NZ_CP076275	IncFIB
NZ_CP076277	IncFIA
NZ_CP076277	IncFIB
NZ_CP076278	IncI-gamma/K1
NZ_CP076280	IncFIB
NZ_CP076280	IncFIC
NZ_CP076280	IncI-gamma/K1
NZ_CP076281	IncI-gamma/K1
NZ_CP076283	IncFIA
NZ_CP076283	IncFIB
NZ_CP076489	rep_cluster_980
NZ_CP076489	rep_cluster_992
NZ_CP076491	rep_cluster_180
NZ_CP076492	rep_cluster_185
NZ_CP076492	rep_cluster_282
NZ_CP076494	rep_cluster_980
NZ_CP076494	rep_cluster_992
NZ_CP076496	rep_cluster_180
NZ_CP076497	rep_cluster_185
NZ_CP076497	rep_cluster_282
NZ_CP076499	rep_cluster_980
NZ_CP076499	rep_cluster_992
NZ_CP076501	rep_cluster_180
NZ_CP076502	rep_cluster_185
NZ_CP076502	rep_cluster_282
NZ_CP076577	rep_cluster_1254
NZ_CP076579	IncI-gamma/K1
NZ_CP076803	rep_cluster_1226
NZ_CP076806	rep_cluster_1226
NZ_CP076809	rep_cluster_1282
NZ_CP076811	rep_cluster_1254
NZ_CP076813	rep_cluster_1282
NZ_CP076816	rep_cluster_1282
NZ_CP076819	rep_cluster_1282
NZ_CP076820	rep_cluster_1226
NZ_CP077829	rep_cluster_1172
NZ_CP077831	rep_cluster_1226
NZ_CP077834	rep_cluster_1172
NZ_CP077839	rep_cluster_1172
NZ_CP077842	rep_cluster_1226
NZ_CP077845	rep_cluster_1226
NZ_CP077848	rep_cluster_1172
NZ_CP078016	rep_cluster_1027
NZ_CP078163	rep_cluster_1118
NZ_CP078163	rep_cluster_992
NZ_CP078522	rep_cluster_1733
NZ_CP078522	rep_cluster_2100
NZ_CP078522	rep_cluster_2176
NZ_CP080252	rep_cluster_1733
NZ_CP080252	rep_cluster_2214
NZ_CP081506	rep_cluster_556
NZ_CP081506	rep_cluster_976
NZ_CP082232	rep_cluster_976
NZ_CP084503	IncFIB
NZ_CP084503	IncFII
NZ_CP084504	IncFIA
NZ_CP084504	IncFII
NZ_CP085290	rep_cluster_1118
NZ_CP085290	rep_cluster_992
NZ_CP085292	rep_cluster_980
NZ_CP085293	Inc18
NZ_CP085295	Inc18
NZ_CP085295	rep_cluster_2101
NZ_CP085296	rep_cluster_1118
NZ_CP085296	rep_cluster_992
NZ_CP085297	rep_cluster_180
NZ_CP086559	rep_cluster_180
NZ_CP086561	rep_cluster_1027
NZ_CP086562	rep_cluster_992
NZ_CP086563	rep_cluster_1027
NZ_CP086565	rep_cluster_180
NZ_CP086567	rep_cluster_180
NZ_CP086593	rep_cluster_180
NZ_CP087306	rep_cluster_1172
NZ_CP087319	rep_cluster_1172
NZ_CP087326	rep_cluster_639
NZ_CP087329	rep_cluster_639
NZ_CP087330	rep_cluster_1254
NZ_CP087334	rep_cluster_1254
NZ_CP087339	rep_cluster_1306
NZ_CP087342	rep_cluster_1254
NZ_CP087346	rep_cluster_1172
NZ_CP087350	rep_cluster_1172
NZ_CP087353	rep_cluster_1172
NZ_CP087356	rep_cluster_1172
NZ_CP088199	rep_cluster_1118
NZ_CP088199	rep_cluster_992
NZ_CP088201	rep_cluster_1118
NZ_CP088201	rep_cluster_185
NZ_CP088201	rep_cluster_2301
NZ_CP088202	Inc18
NZ_CP088896	rep_cluster_1906
NZ_CP090183	rep_cluster_1226
NZ_CP090197	IncFIA
NZ_CP090344	IncFIB
NZ_CP090344	IncHI1B
NZ_CP090345	IncFIA
NZ_CP090345	IncR
NZ_CP090345	IncU
NZ_CP090559	rep_cluster_976
NZ_CP090835	IncFIA
NZ_CP090835	IncU
NZ_CP091197	rep_cluster_185
NZ_CP091199	rep_cluster_992
NZ_CP091200	rep_cluster_980
NZ_CP091228	rep_cluster_1118
NZ_CP091228	rep_cluster_992
NZ_CP091229	rep_cluster_980
NZ_CP091236	Inc18
NZ_CP091238	rep_cluster_1118
NZ_CP091238	rep_cluster_992
NZ_CP091329	rep_cluster_1226
NZ_CP091466	rep_cluster_1172
NZ_CP091526	rep_cluster_1017
NZ_CP091526	rep_cluster_1733
NZ_CP091526	rep_cluster_2214
NZ_CP091877	rep_cluster_1017
NZ_CP091877	rep_cluster_1215
NZ_CP091885	rep_cluster_980
NZ_CP091887	rep_cluster_980
NZ_CP091890	rep_cluster_980
NZ_CP091891	rep_cluster_1027
NZ_CP091893	rep_cluster_976
NZ_CP091894	rep_cluster_971
NZ_CP091900	rep_cluster_980
NZ_CP091902	rep_cluster_1027
NZ_CP091903	rep_cluster_180
NZ_CP091903	rep_cluster_992
NZ_CP091905	rep_cluster_185
NZ_CP091905	rep_cluster_992
NZ_CP091907	rep_cluster_180
NZ_CP091907	rep_cluster_992
NZ_CP092053	rep_cluster_1017
NZ_CP092053	rep_cluster_1733
NZ_CP092053	rep_cluster_2100
NZ_CP092448	rep_cluster_1017
NZ_CP092448	rep_cluster_1733
NZ_CP092448	rep_cluster_2100
NZ_CP092486	rep_cluster_1172
NZ_CP092539	rep_cluster_1017
NZ_CP092539	rep_cluster_1733
NZ_CP092539	rep_cluster_2214
NZ_CP092541	rep_cluster_1017
NZ_CP092541	rep_cluster_1733
NZ_CP092541	rep_cluster_2214
NZ_CP092543	rep_cluster_1017
NZ_CP092543	rep_cluster_1733
NZ_CP092543	rep_cluster_2214
NZ_CP092545	rep_cluster_1763
NZ_CP092545	rep_cluster_185
NZ_CP092545	rep_cluster_889
NZ_CP092545	rep_cluster_935
NZ_CP092546	rep_cluster_1017
NZ_CP092546	rep_cluster_1733
NZ_CP092546	rep_cluster_2214
NZ_CP092548	rep_cluster_1763
NZ_CP092548	rep_cluster_185
NZ_CP092548	rep_cluster_889
NZ_CP092548	rep_cluster_935
NZ_CP092549	rep_cluster_1017
NZ_CP092549	rep_cluster_1733
NZ_CP092549	rep_cluster_2214
NZ_CP092551	rep_cluster_1017
NZ_CP092551	rep_cluster_1733
NZ_CP092551	rep_cluster_2214
NZ_CP092553	rep_cluster_1017
NZ_CP092553	rep_cluster_1733
NZ_CP092553	rep_cluster_2214
NZ_CP092555	rep_cluster_1017
NZ_CP092555	rep_cluster_1733
NZ_CP092555	rep_cluster_2214
NZ_CP092557	rep_cluster_1017
NZ_CP092557	rep_cluster_1733
NZ_CP092557	rep_cluster_2214
NZ_CP092559	rep_cluster_1763
NZ_CP092559	rep_cluster_185
NZ_CP092559	rep_cluster_889
NZ_CP092559	rep_cluster_935
NZ_CP092560	rep_cluster_1017
NZ_CP092560	rep_cluster_1733
NZ_CP092560	rep_cluster_2214
NZ_CP092562	rep_cluster_1017
NZ_CP092562	rep_cluster_1733
NZ_CP092562	rep_cluster_2214
NZ_CP092564	rep_cluster_1017
NZ_CP092564	rep_cluster_1733
NZ_CP092564	rep_cluster_2214
NZ_CP092566	rep_cluster_1017
NZ_CP092566	rep_cluster_1733
NZ_CP092566	rep_cluster_2214
NZ_CP092568	rep_cluster_1017
NZ_CP092568	rep_cluster_1733
NZ_CP092568	rep_cluster_2214
NZ_CP092577	rep_cluster_1763
NZ_CP092577	rep_cluster_185
NZ_CP092582	rep_cluster_1017
NZ_CP092582	rep_cluster_1733
NZ_CP092582	rep_cluster_2214
NZ_CP092826	rep_cluster_1017
NZ_CP092826	rep_cluster_1118
NZ_CP092826	rep_cluster_1733
NZ_CP092826	rep_cluster_2100
NZ_CP092908	rep_cluster_976
NZ_CP093932	rep_cluster_1733
NZ_CP093932	rep_cluster_2100
NZ_CP093932	rep_cluster_2176
NZ_CP093934	rep_cluster_1733
NZ_CP093934	rep_cluster_2100
NZ_CP093934	rep_cluster_2176
NZ_CP093937	rep_cluster_1733
NZ_CP093937	rep_cluster_2100
NZ_CP093937	rep_cluster_2176
NZ_CP093958	rep_cluster_153
NZ_CP093958	rep_cluster_185
NZ_CP094286	rep_cluster_1172
NZ_CP094444	rep_cluster_1017
NZ_CP094444	rep_cluster_1733
NZ_CP094444	rep_cluster_2100
NZ_CP094513	IncR
NZ_CP094664	rep_cluster_1017
NZ_CP094664	rep_cluster_1215
NZ_CP094858	rep_cluster_1733
NZ_CP094858	rep_cluster_2100
NZ_CP094858	rep_cluster_2176
NZ_CP095092	rep_cluster_1226
NZ_CP096683	rep_cluster_1226
NZ_CP096694	rep_cluster_1226
NZ_CP096713	rep_cluster_1226
NZ_CP096715	rep_cluster_1226
NZ_CP096741	rep_cluster_1226
NZ_CP096750	rep_cluster_1226
NZ_CP096758	rep_cluster_1226
NZ_CP096761	rep_cluster_1226
NZ_CP097003	rep_cluster_1118
NZ_CP097003	rep_cluster_980
NZ_CP097007	rep_cluster_1118
NZ_CP097007	rep_cluster_992
NZ_CP097009	rep_cluster_1118
NZ_CP097009	rep_cluster_992
NZ_CP097011	rep_cluster_1118
NZ_CP097011	rep_cluster_992
NZ_CP097012	rep_cluster_180
NZ_CP097021	rep_cluster_1118
NZ_CP097021	rep_cluster_992
NZ_CP097032	rep_cluster_1118
NZ_CP097032	rep_cluster_980
NZ_CP097033	rep_cluster_180
NZ_CP097035	rep_cluster_183
NZ_CP097036	rep_cluster_1027
NZ_CP097037	rep_cluster_992
NZ_CP097039	rep_cluster_1118
NZ_CP097039	rep_cluster_992
NZ_CP097040	Inc18
NZ_CP097040	rep_cluster_185
NZ_CP097043	rep_cluster_1118
NZ_CP097043	rep_cluster_992
NZ_CP097047	rep_cluster_1118
NZ_CP097047	rep_cluster_992
NZ_CP097049	rep_cluster_180
NZ_CP097050	rep_cluster_1027
NZ_CP097057	rep_cluster_980
NZ_CP097058	rep_cluster_1118
NZ_CP097058	rep_cluster_992
NZ_CP097060	rep_cluster_980
NZ_CP097067	rep_cluster_1118
NZ_CP097067	rep_cluster_992
NZ_CP097070	rep_cluster_1118
NZ_CP097070	rep_cluster_992
NZ_CP097071	rep_cluster_980
NZ_CP097214	IncFIA
NZ_CP097214	IncFIB
NZ_CP097214	IncFII
NZ_CP097386	IncFIB
NZ_CP097386	IncHI1B
NZ_CP097388	IncFII
NZ_CP097388	rep_cluster_1418
NZ_CP098026	rep_cluster_180
NZ_CP098027	rep_cluster_1118
NZ_CP098027	rep_cluster_992
NZ_CP098028	rep_cluster_976
NZ_CP098029	Inc18
NZ_CP098254	rep_cluster_1017
NZ_CP098254	rep_cluster_1733
NZ_CP098254	rep_cluster_2100
NZ_CP098254	rep_cluster_2214
NZ_CP098256	rep_cluster_1017
NZ_CP098256	rep_cluster_1733
NZ_CP098256	rep_cluster_2100
NZ_CP098256	rep_cluster_2214
NZ_CP098258	rep_cluster_1017
NZ_CP098258	rep_cluster_1733
NZ_CP098258	rep_cluster_2100
NZ_CP098258	rep_cluster_2214
NZ_CP098419	rep_cluster_180
NZ_CP098420	rep_cluster_1118
NZ_CP098420	rep_cluster_992
NZ_CP098421	rep_cluster_976
NZ_CP098422	Inc18
NZ_CP098728	rep_cluster_1017
NZ_CP098728	rep_cluster_1733
NZ_CP098728	rep_cluster_2100
NZ_CP098728	rep_cluster_2176
NZ_CP098744	rep_cluster_1118
NZ_CP098744	rep_cluster_992
NZ_CP098745	rep_cluster_180
NZ_CP098746	rep_cluster_976
NZ_CP099496	rep_cluster_1017
NZ_CP099496	rep_cluster_1733
NZ_CP099496	rep_cluster_2214
NZ_CP099503	rep_cluster_1017
NZ_CP099503	rep_cluster_1733
NZ_CP099503	rep_cluster_2214
NZ_CP099505	rep_cluster_1017
NZ_CP099505	rep_cluster_1733
NZ_CP099505	rep_cluster_2100
NZ_CP099509	rep_cluster_1017
NZ_CP099509	rep_cluster_1733
NZ_CP099509	rep_cluster_2214
NZ_CP099510	-
NZ_CP099577	rep_cluster_1017
NZ_CP099577	rep_cluster_1733
NZ_CP099577	rep_cluster_2100
NZ_CP100307	rep_cluster_1172
NZ_CP101515	IncI-gamma/K1
NZ_CP101516	IncHI2A
NZ_CP101516	rep_cluster_1088
NZ_CP101706	IncFIA
NZ_CP101706	IncFIB
NZ_CP101706	IncFIC
NZ_CP101706	IncFII
NZ_CP101706	rep_cluster_2131
NZ_CP101727	IncFIA
NZ_CP101727	IncFII
NZ_CP101727	IncR
NZ_CP101728	IncFIB
NZ_CP101728	IncFIC
NZ_CP101728	IncFII
NZ_CP101765	IncFIA
NZ_CP101765	IncFIB
NZ_CP101765	IncHI1B
NZ_CP101765	IncR
NZ_CP101766	IncFIA
NZ_CP101766	IncFII
NZ_CP101766	IncR
NZ_CP101774	IncFIB
NZ_CP101774	IncHI1B
NZ_CP101775	IncFIA
NZ_CP101775	IncFII
NZ_CP101775	IncR
NZ_CP101775	IncU
NZ_CP101778	IncFII
NZ_CP101778	rep_cluster_1418
NZ_CP101778	rep_cluster_2183
NZ_CP101782	IncFIA
NZ_CP101782	IncFII
NZ_CP101782	IncR
NZ_CP101782	IncU
NZ_CP101785	IncFIA
NZ_CP101785	IncFII
NZ_CP101785	IncR
NZ_CP101785	IncU
NZ_CP101786	IncFIB
NZ_CP101786	IncHI1B
NZ_CP101794	IncFIB
NZ_CP101795	IncFII
NZ_CP101795	rep_cluster_1418
NZ_CP101795	rep_cluster_2183
NZ_CP101859	IncFIB
NZ_CP101859	IncFIC
NZ_CP101859	rep_cluster_2244
NZ_CP101867	IncFIA
NZ_CP101867	IncFIB
NZ_CP101867	IncFIC
NZ_CP101869	IncFIA
NZ_CP101869	IncFIB
NZ_CP101878	IncFIA
NZ_CP101878	IncFIB
NZ_CP101878	IncFIC
NZ_CP101878	IncFII
NZ_CP101879	IncFIB
NZ_CP101879	IncFII
NZ_CP101879	rep_cluster_2183
NZ_CP101880	IncFIA
NZ_CP101880	IncFII
NZ_CP101916	IncFIA
NZ_CP101916	IncFII
NZ_CP101916	IncN
NZ_CP101916	IncR
NZ_CP101916	IncX1
NZ_CP102062	IncFIB
NZ_CP102062	rep_cluster_2244
NZ_CP102066	rep_cluster_1118
NZ_CP102066	rep_cluster_992
NZ_CP102067	rep_cluster_180
NZ_CP102068	Inc18
NZ_CP102071	rep_cluster_183
NZ_CP102072	rep_cluster_183
NZ_CP102073	Inc18
NZ_CP102078	IncFIB
NZ_CP102078	IncHI1B
NZ_CP102078	IncR
NZ_CP102078	rep_cluster_1254
NZ_CP102079	IncFIA
NZ_CP102079	IncFII
NZ_CP102079	rep_cluster_2183
NZ_CP102187	IncFIB
NZ_CP102187	IncHI1B
NZ_CP102190	IncFIA
NZ_CP102190	IncR
NZ_CP102193	IncFIB
NZ_CP102193	IncHI1B
NZ_CP102196	IncFIA
NZ_CP102196	IncFII
NZ_CP102196	IncR
NZ_CP102196	IncU
NZ_CP102245	IncFIB
NZ_CP102391	IncFIB
NZ_CP102391	IncHI1B
NZ_CP102392	IncFIA
NZ_CP102392	IncFII
NZ_CP102392	IncR
NZ_CP102392	IncU
NZ_CP102436	IncFIB
NZ_CP102436	IncHI1B
NZ_CP102437	IncFIA
NZ_CP102437	IncFII
NZ_CP102437	IncN
NZ_CP102437	IncU
NZ_CP102439	IncFIB
NZ_CP102439	IncHI1B
NZ_CP102489	IncFIA
NZ_CP102489	IncFIB
NZ_CP102489	IncFIC
NZ_CP102489	IncFII
NZ_CP102547	IncFIB
NZ_CP102547	IncFII
NZ_CP102547	rep_cluster_2183
NZ_CP102548	IncFIA
NZ_CP102548	IncFIB
NZ_CP102548	IncFIC
NZ_CP102548	IncFII
NZ_CP102676	IncFIB
NZ_CP102676	IncFIC
NZ_CP102676	rep_cluster_2244
NZ_CP102832	rep_cluster_1226
NZ_CP102834	IncFII
NZ_CP102834	rep_cluster_1418
NZ_CP102834	rep_cluster_2183
NZ_CP102837	IncFIB
NZ_CP102837	IncHI1B
NZ_CP102838	IncFIA
NZ_CP102838	IncFII
NZ_CP102838	IncR
NZ_CP102838	IncU
NZ_CP102842	IncFIB
NZ_CP102842	IncFII
NZ_CP102854	IncHI2A
NZ_CP102854	rep_cluster_1088
NZ_CP102855	IncFIB
NZ_CP102855	IncFIC
NZ_CP102855	rep_cluster_2244
NZ_CP102856	IncI-gamma/K1
NZ_CP102870	IncFIB
NZ_CP102870	IncHI1B
NZ_CP102870	IncU
NZ_CP102870	rep_cluster_1254
NZ_CP102871	IncHI2A
NZ_CP102871	rep_cluster_1088
NZ_CP102874	IncFII
NZ_CP102874	rep_cluster_1254
NZ_CP102874	rep_cluster_1418
NZ_CP102874	rep_cluster_2183
NZ_CP102878	IncFIB
NZ_CP102878	IncHI1B
NZ_CP102878	rep_cluster_1254
NZ_CP102879	IncFIA
NZ_CP102879	IncR
NZ_CP102879	rep_cluster_1418
NZ_CP102880	IncFIA
NZ_CP102880	IncFII
NZ_CP102880	rep_cluster_2183
NZ_CP102884	IncFIB
NZ_CP102884	IncHI1B
NZ_CP102884	rep_cluster_1254
NZ_CP102886	IncFIA
NZ_CP102886	IncFII
NZ_CP102886	rep_cluster_2183
NZ_CP102941	IncFIB
NZ_CP102941	IncFII
NZ_CP102941	rep_cluster_2392
NZ_CP102948	IncFIA
NZ_CP102948	IncFIB
NZ_CP102948	IncFII
NZ_CP102948	rep_cluster_2131
NZ_CP102988	IncFIB
NZ_CP102988	IncU
NZ_CP102994	IncFIB
NZ_CP102994	IncFII
NZ_CP102994	rep_cluster_2183
NZ_CP102995	IncFIB
NZ_CP102995	IncHI1B
NZ_CP103296	IncFIB
NZ_CP103296	IncFIC
NZ_CP103296	rep_cluster_2244
NZ_CP103297	IncFIA
NZ_CP103297	IncFII
NZ_CP103297	IncN
NZ_CP103316	IncFIB
NZ_CP103316	IncHI1B
NZ_CP103319	IncFIA
NZ_CP103319	IncFII
NZ_CP103319	IncR
NZ_CP103319	IncU
NZ_CP103414	rep_cluster_1226
NZ_CP103415	rep_cluster_1226
NZ_CP103466	IncFIA
NZ_CP103466	IncFIB
NZ_CP103466	IncFII
NZ_CP103466	rep_cluster_2131
NZ_CP103470	IncI-gamma/K1
NZ_CP103480	IncFIA
NZ_CP103480	IncFIB
NZ_CP103480	IncFIC
NZ_CP103480	IncFII
NZ_CP103500	IncFIB
NZ_CP103504	IncHI1B
NZ_CP103504	rep_cluster_1254
NZ_CP103505	IncI-gamma/K1
NZ_CP103509	IncFIA
NZ_CP103509	IncFIB
NZ_CP103509	rep_cluster_2131
NZ_CP103513	IncFIB
NZ_CP103513	IncHI1B
NZ_CP103516	IncFIA
NZ_CP103516	IncFIB
NZ_CP103516	IncFIC
NZ_CP103516	IncFII
NZ_CP103522	IncI1/B/O
NZ_CP103523	IncFIA
NZ_CP103523	IncFIB
NZ_CP103523	IncFII
NZ_CP103530	IncFIA
NZ_CP103530	IncFIC
NZ_CP103530	IncFII
NZ_CP103534	IncFIB
NZ_CP103534	IncFIC
NZ_CP103534	rep_cluster_2244
NZ_CP103535	IncI1/B/O
NZ_CP103541	IncFIA
NZ_CP103541	IncFIB
NZ_CP103541	IncFIC
NZ_CP103541	IncFII
NZ_CP103545	IncFIB
NZ_CP103545	IncFIC
NZ_CP103545	rep_cluster_2244
NZ_CP103546	IncI-gamma/K1
NZ_CP103551	IncFIB
NZ_CP103551	IncFII
NZ_CP103551	rep_cluster_2183
NZ_CP103552	rep_cluster_1418
NZ_CP103558	IncFIA
NZ_CP103558	IncFIB
NZ_CP103558	IncFIC
NZ_CP103558	IncFII
NZ_CP103558	rep_cluster_2131
NZ_CP103561	IncFIB
NZ_CP103563	IncFIA
NZ_CP103563	IncFIB
NZ_CP103563	IncFIC
NZ_CP103563	rep_cluster_2131
NZ_CP103568	IncFIB
NZ_CP103568	IncFII
NZ_CP103571	IncFIA
NZ_CP103571	IncFIB
NZ_CP103571	IncFIC
NZ_CP103571	IncFII
NZ_CP103572	IncK2/Z
NZ_CP103580	IncFIB
NZ_CP103583	IncFIB
NZ_CP103585	IncFII
NZ_CP103590	IncI1/B/O
NZ_CP103591	IncFIB
NZ_CP103591	IncFII
NZ_CP103591	rep_cluster_2131
NZ_CP103593	IncFIA
NZ_CP103593	IncFIB
NZ_CP103593	IncFII
NZ_CP103593	rep_cluster_2131
NZ_CP103594	IncK2/Z
NZ_CP103597	IncFIB
NZ_CP103606	IncFIB
NZ_CP103606	IncFII
NZ_CP103607	IncFIB
NZ_CP103607	IncFII
NZ_CP103607	rep_cluster_2183
NZ_CP103615	IncFIB
NZ_CP103619	IncFIB
NZ_CP103619	IncFII
NZ_CP103619	rep_cluster_2183
NZ_CP103622	ColRNAI_rep_cluster_1987
NZ_CP103622	IncFIB
NZ_CP103622	IncFII
NZ_CP103622	IncQ1
NZ_CP103622	rep_cluster_2183
NZ_CP103624	IncK2/Z
NZ_CP103627	IncFIB
NZ_CP103627	IncFIC
NZ_CP103627	rep_cluster_2244
NZ_CP103628	IncI-gamma/K1
NZ_CP103634	IncFIA
NZ_CP103634	IncFIB
NZ_CP103634	IncFIC
NZ_CP103634	IncFII
NZ_CP103636	IncFIB
NZ_CP103636	IncFII
NZ_CP103646	IncFIA
NZ_CP103646	IncFIB
NZ_CP103646	IncFIC
NZ_CP103646	IncFII
NZ_CP103647	IncK2/Z
NZ_CP103655	IncFIA
NZ_CP103655	rep_cluster_1418
NZ_CP103658	IncFIA
NZ_CP103658	IncFIB
NZ_CP103658	IncFII
NZ_CP103661	IncK2/Z
NZ_CP103662	IncFIA
NZ_CP103677	IncFIB
NZ_CP103677	IncFII
NZ_CP103688	IncFIB
NZ_CP103688	IncFII
NZ_CP103688	rep_cluster_2183
NZ_CP103695	IncFIB
NZ_CP103695	rep_cluster_2244
NZ_CP103698	IncFIB
NZ_CP103698	IncFII
NZ_CP103700	IncFIB
NZ_CP103700	IncFII
NZ_CP103705	IncFIA
NZ_CP103705	IncFIB
NZ_CP103705	IncFIC
NZ_CP103705	IncFII
NZ_CP103711	IncC
NZ_CP103711	IncFII
NZ_CP103711	rep_cluster_2183
NZ_CP103712	IncFIA
NZ_CP103712	IncFIC
NZ_CP103712	IncFII
NZ_CP103715	IncFIA
NZ_CP103715	IncFIB
NZ_CP103720	IncFIA
NZ_CP103720	IncFIC
NZ_CP103728	IncFIB
NZ_CP103730	IncFIB
NZ_CP103730	IncFII
NZ_CP103732	IncFIB
NZ_CP103732	IncHI1B
NZ_CP103732	IncU
NZ_CP103740	IncFIA
NZ_CP103740	IncFIB
NZ_CP103740	IncFII
NZ_CP103740	rep_cluster_2131
NZ_CP103743	IncFIA
NZ_CP103743	IncFIB
NZ_CP103743	IncFII
NZ_CP103743	rep_cluster_2131
NZ_CP103744	IncFIA
NZ_CP103746	IncFIA
NZ_CP103746	IncFIB
NZ_CP103746	IncFIC
NZ_CP103747	IncFIA
NZ_CP103747	IncFIC
NZ_CP103748	IncI-gamma/K1
NZ_CP103756	IncFIA
NZ_CP103756	IncFIB
NZ_CP103756	IncFIC
NZ_CP103756	IncFII
NZ_CP103756	rep_cluster_2131
NZ_CP103757	IncFIA
NZ_CP103759	IncFIB
NZ_CP103759	IncFIC
NZ_CP103759	rep_cluster_2244
NZ_CP103763	IncFIA
NZ_CP103763	IncFIB
NZ_CP103763	IncFII
NZ_CP103763	IncQ1
NZ_CP103862	rep_cluster_1027
